{
  "class_distribution": {
    "train": {
      "Politics": 34,
      "International": 60,
      "Economy": 16,
      "HealthSociety": 26,
      "Sports": 32
    },
    "val": {
      "International": 12,
      "HealthSociety": 6,
      "Politics": 7,
      "Economy": 4,
      "Sports": 7
    },
    "test": {
      "International": 13,
      "Politics": 8,
      "HealthSociety": 5,
      "Sports": 7,
      "Economy": 3
    }
  },
  "transformer": {
    "test_acc": 0.5555555555555556,
    "test_macro_f1": 0.5509661391240339,
    "best_epoch": 16,
    "best_val_acc": 0.7777777777777778,
    "best_val_macro_f1": 0.7337606837606838,
    "epoch_times": [
      0.7117401000000427,
      0.4893535000001066,
      0.4521575000001121,
      0.4475191999999879,
      0.48701580000010836,
      0.4814381000001049,
      0.4730425000000196,
      0.4682775999999649,
      0.44697500000006585,
      0.5128416000000016,
      0.5236105999999836,
      0.4948696999999811,
      0.5044961999999487,
      0.4874827999999525,
      0.4949942999999166,
      0.514810099999977,
      0.5026115000000573,
      0.5024484000000484,
      0.4855780999998842,
      0.48426869999980227
    ]
  },
  "bilstm_baseline": {
    "test_acc": 0.4166666666666667,
    "test_macro_f1": 0.43365223012281834,
    "best_epoch": 18,
    "best_val_acc": 0.5833333333333334,
    "best_val_macro_f1": 0.5587301587301587,
    "epoch_times": [
      5.7440857999999935,
      5.698749000000134,
      5.597380700000031,
      5.566385500000024,
      5.974775500000078,
      5.722127099999852,
      5.5122833000000355,
      5.537870599999906,
      5.4967178000001695,
      5.512348299999985,
      5.514411500000051,
      5.53571050000005,
      5.605458400000089,
      5.533214000000044,
      5.577656199999865,
      5.665479900000037,
      5.57442170000013,
      5.495942999999897,
      5.54114699999991,
      5.449885900000027
    ]
  },
  "attention_heatmaps": [
    "figures/part3_attention_sample1_head1.png",
    "figures/part3_attention_sample1_head2.png",
    "figures/part3_attention_sample2_head1.png",
    "figures/part3_attention_sample2_head2.png",
    "figures/part3_attention_sample3_head1.png",
    "figures/part3_attention_sample3_head2.png"
  ]
}