{
  "class_distribution": {
    "train": {
      "International": 25,
      "Politics": 93,
      "Sports": 31,
      "Economy": 9,
      "HealthSociety": 10
    },
    "val": {
      "Politics": 20,
      "International": 5,
      "HealthSociety": 2,
      "Sports": 7,
      "Economy": 2
    },
    "test": {
      "Politics": 20,
      "Economy": 2,
      "Sports": 7,
      "International": 5,
      "HealthSociety": 2
    }
  },
  "transformer": {
    "test_acc": 0.7222222222222222,
    "test_macro_f1": 0.34461538461538466,
    "best_epoch": 10,
    "best_val_acc": 0.6944444444444444,
    "epoch_times": [
      2.509848200000306,
      2.523286800000278,
      2.460305100000369,
      2.4451095999993413,
      2.453831099999661,
      2.464353399999709,
      2.4754487000000154,
      2.4478853999999046,
      2.4228868000000148,
      2.424528499999724,
      2.442992299999787,
      2.4605906000006144,
      2.4553620999995474,
      2.419675900000584,
      2.4487000000008265,
      2.5117387999998755,
      2.4722214000003078,
      2.4342971999994916,
      2.430550299999595,
      2.421935299999859
    ]
  },
  "bilstm_baseline": {
    "test_acc": 0.5555555555555556,
    "test_macro_f1": 0.14285714285714285,
    "best_epoch": 1,
    "best_val_acc": 0.5555555555555556,
    "epoch_times": [
      0.7510374000003139,
      0.7293381999998019,
      0.7250371999998606,
      0.7253835999999865,
      0.7353462999999465,
      0.7221777000004295,
      0.7323142999994161,
      0.7382066999998642,
      0.7162015000003521,
      0.725809599999593,
      0.7379765000005136,
      0.7436809999999241,
      0.7300386000006256,
      0.7345488999999361,
      0.7142878000004202,
      0.7285482000006596,
      0.7267209999999977,
      0.7212993000002825,
      0.7277949999997873,
      0.7189882000002399
    ]
  },
  "attention_heatmaps": [
    "figures/part3_attention_sample1_head1.png",
    "figures/part3_attention_sample1_head2.png",
    "figures/part3_attention_sample2_head1.png",
    "figures/part3_attention_sample2_head2.png",
    "figures/part3_attention_sample3_head1.png",
    "figures/part3_attention_sample3_head2.png"
  ]
}