{
  "class_distribution": {
    "train": {
      "International": 25,
      "Politics": 93,
      "Sports": 31,
      "Economy": 9,
      "HealthSociety": 10
    },
    "val": {
      "Politics": 20,
      "International": 5,
      "HealthSociety": 2,
      "Sports": 7,
      "Economy": 2
    },
    "test": {
      "Politics": 20,
      "Economy": 2,
      "Sports": 7,
      "International": 5,
      "HealthSociety": 2
    }
  },
  "transformer": {
    "test_acc": 0.6944444444444444,
    "test_macro_f1": 0.3235294117647059,
    "best_epoch": 10,
    "best_val_acc": 0.6388888888888888,
    "epoch_times": [
      0.512203799999952,
      0.289981899999475,
      0.24732519999997749,
      0.24099179999939224,
      0.23745179999968968,
      0.2523916999998619,
      0.25320840000040334,
      0.2395596000005753,
      0.24523469999985537,
      0.25795079999988957,
      0.27540099999987433,
      0.2419971000008445,
      0.2512384000001475,
      0.2453163999998651,
      0.23944680000022345,
      0.24350529999992432,
      0.24389030000020284,
      0.24474129999998695,
      0.2422467999995206,
      0.24501099999997678
    ]
  },
  "bilstm_baseline": {
    "test_acc": 0.6111111111111112,
    "test_macro_f1": 0.41878787878787876,
    "best_epoch": 15,
    "best_val_acc": 0.6388888888888888,
    "epoch_times": [
      2.8048054000000775,
      2.734858499999973,
      2.7009474000005866,
      2.7083542000000307,
      2.704371899999387,
      2.725578900000073,
      2.7329520999992383,
      2.7174145999997563,
      2.6666840999996566,
      2.669394900000043,
      2.666264200000114,
      2.6688560000002326,
      2.6521357000001444,
      2.6819774000005054,
      2.7245911999998498,
      2.7093998000000283,
      2.6548757999998998,
      2.6743374999996377,
      2.69158890000017,
      2.686443199999303
    ]
  },
  "attention_heatmaps": [
    "figures/part3_attention_sample1_head1.png",
    "figures/part3_attention_sample1_head2.png",
    "figures/part3_attention_sample2_head1.png",
    "figures/part3_attention_sample2_head2.png",
    "figures/part3_attention_sample3_head1.png",
    "figures/part3_attention_sample3_head2.png"
  ]
}